year,total,chuseok
2015,11.838709677419354,9.0
2016,11.387096774193548,9.0
2017,13.6,6.25
2018,10.935483870967742,8.0
