year,total,surl
2015,10.142857142857142,10.5
2016,9.862068965517242,8.5
2017,11.03225806451613,8.0
2018,9.535714285714286,7.5
